Внутренние факторы,Экспертные оценки (1-5),,,,Итого баллов (с),Коэф. значимости (к),Расчётная величина (с×к),Ранг
,1,2,3,4,,,,
1. Организационная структура управления:,,,,,,,,
· соответствие рыночным требованиям,4,4,5,4,17,"0,18","3,06",3
"· распределение функций, прав и ответственности",5,5,5,5,20,"0,21","4,2",1
· затраты на управленческий аппарат,4,4,4,4,16,"0,17","2,72",4
· процесс принятия управленческих решений,5,5,4,5,19,"0,20","3,8",2
· система документооборота,4,4,4,4,16,"0,17","2,72",4
· система контроля,4,4,4,3,15,"0,16","2,4",5
· Всего по группе,,,,,103,Σк≈1,"18,9",
2. Персонал:,,,,,,,,
· уровень образования и квалификации,5,5,5,5,20,"0,20","4,0",1
· компетентность руководства,5,5,5,4,19,"0,19","3,61",2
· система повышения квалификации и обучения,4,4,4,4,16,"0,16","2,56",4
· система стимулирования,4,4,4,4,16,"0,16","2,56",4
· карьерный рост,3,3,3,3,12,"0,12","1,44",6
· текучесть кадров,4,4,4,3,15,"0,15","2,25",5
· Всего по группе,,,,,98,Σк≈1,"16,42",
3. Техническая база:,,,,,,,,
· состояние оборудования,5,5,5,5,20,"0,20","4,0",1
· наличие средств механизации и автоматизации,4,4,4,4,16,"0,16","2,56",3
· современные технологии,5,5,4,5,19,"0,19","3,61",2
· оснащённость вспомогательного производства,3,3,3,3,12,"0,12","1,44",5
· оснащённость обслуживающего хозяйства,3,3,3,3,12,"0,12","1,44",5
· уровень компьютеризации производства,5,5,5,5,20,"0,20","4,0",1
· Всего по группе,,,,,99,Σк≈1,"17,05",
4. Ресурсы:,,,,,,,,
· финансовые,5,5,5,5,20,"0,25","5,0",1
· информационные,4,4,4,4,16,"0,20","3,2",3
· материальные,4,4,4,4,16,"0,20","3,2",3
· энергетические,3,3,3,3,12,"0,15","1,8",5
· трудовые,5,5,5,5,20,"0,25","5,0",1
· Всего по группе,,,,,84,Σк≈1,"18,2",
5. Методы управления и стили руководства:,,,,,,,,
· организационно-распорядительные,4,4,4,4,16,"0,20","3,2",2
· экономические,3,3,3,3,12,"0,15","1,8",5
· социально-психологические,4,4,4,4,16,"0,20","3,2",2
· авторитарный,4,4,4,4,16,"0,20","3,2",2
· демократический,5,5,5,5,20,"0,25","5,0",1
· либеральный,2,2,3,2,9,"0,10","0,9",6
· Всего по группе,,,,,89,Σк≈1,"17,3",
6. Организационная культура:,,,,,,,,
"· символика, форма одежды",3,3,3,3,12,"0,12","1,44",5
· формы проведения собраний и заседаний,4,4,4,4,16,"0,16","2,56",3
· социально-психологический климат,5,5,5,5,20,"0,21","4,2",1
· традиции и обычаи,4,4,4,4,16,"0,16","2,56",3
· условия труда,5,5,5,5,20,"0,21","4,2",1
· организация свободного времени,3,3,3,3,12,"0,12","1,44",5
· Всего по группе,,,,,96,Σк≈1,"16,4",